genre_id,movie_id
1,5
2,5
3,11
4,11
5,11
1,13
8,13
9,13
6,12
7,12
2,16
8,16
10,16
8,14
3,18
4,18
5,18
11,18
12,18
5,19
8,19
3,22
11,22
4,22
4,24
2,24
8,25
13,25
8,28
13,28
14,33
6,35
1,35
7,35
8,38
5,38
9,38
8,55
12,55
3,58
11,58
4,58
8,59
12,59
2,59
3,62
5,62
15,62
8,65
8,66
12,66
2,66
8,69
10,69
9,69
8,70
8,71
1,71
10,71
8,73
3,74
12,74
5,74
11,75
1,75
5,75
8,76
9,76
12,77
15,77
8,78
12,78
5,78
8,80
9,80
8,83
12,83
3,85
4,85
3,87
4,87
3,89
4,89
4,90
1,90
2,90
3,95
4,95
12,95
5,95
4,96
1,96
2,96
3,98
8,98
4,98
1,100
2,100
8,103
2,103
8,104
4,104
12,104
3,105
1,105
5,105
7,105
3,106
4,106
12,106
5,106
12,107
2,107
8,111
4,111
12,111
2,111
1,114
9,114
1,115
2,115
8,116
12,116
2,116
9,116
8,117
16,117
12,117
2,117
3,118
11,118
1,118
7,118
3,120
11,120
4,120
3,121
11,121
4,121
3,122
11,122
4,122
3,129
11,129
6,129
7,129
3,134
4,134
1,134
11,137
8,137
1,137
9,137
11,141
8,141
15,141
8,142
9,142
3,152
5,152
15,152
8,153
3,154
4,154
12,154
5,154
8,155
4,155
12,155
2,155
3,157
4,157
12,157
5,157
12,161
2,161
11,162
8,162
9,162
12,163
2,163
3,165
1,165
5,165
7,165
8,167
5,167
3,168
5,168
4,169
12,169
5,169
17,170
12,170
5,170
3,172
4,172
12,172
5,172
3,173
8,173
5,173
3,174
4,174
12,174
5,174
17,176
2,176
15,176
8,177
1,177
12,179
2,179
4,180
12,180
5,180
15,180
8,182
12,182
2,182
15,182
9,182
13,182
1,184
2,184
9,184
8,186
12,186
2,186
15,186
4,187
12,187
2,187
12,189
2,189
3,193
4,193
12,193
5,193
1,194
9,194
3,196
1,196
5,196
7,196
8,197
4,197
16,197
13,197
3,199
4,199
12,199
5,199
3,200
4,200
12,200
5,200
3,201
4,201
12,201
5,201
8,203
2,203
8,205
16,205
13,205
8,207
17,214
12,214
2,214
17,215
3,217
4,217
4,218
12,218
5,218
8,219
1,219
9,219
8,223
15,223
8,226
2,226
8,227
2,227
8,231
12,231
8,235
2,235
8,238
2,238
1,239
9,239
8,240
2,240
8,242
12,242
2,242
8,243
1,243
10,243
9,243
8,245
1,245
9,245
8,248
1,248
11,251
8,251
12,251
15,251
9,251
11,252
7,252
3,253
4,253
12,253
3,254
8,254
4,254
8,257
2,257
7,257
8,261
9,261
11,268
4,268
8,272
4,272
2,272
8,274
12,274
2,274
11,277
4,277
12,277
8,278
2,278
8,279
16,279
10,279
4,280
12,280
5,280
8,284
1,284
9,284
3,285
11,285
4,285
14,288
8,289
9,289
18,291
1,292
18,292
10,292
4,296
12,296
5,296
11,297
8,297
15,297
12,298
2,298
12,302
2,302
4,306
1,306
2,306
11,310
1,310
4,314
2,314
4,319
12,319
2,319
9,319
12,320
2,320
15,320
1,321
9,321
8,322
12,322
2,322
15,322
17,326
4,326
12,326
2,326
8,327
12,327
2,327
3,329
5,329
3,330
4,330
5,330
3,331
4,331
12,331
5,331
8,334
14,335
8,338
1,338
9,338
8,345
15,345
17,348
4,348
12,348
5,348
8,350
1,350
9,350
11,364
4,364
17,377
8,380
3,387
8,387
4,387
16,387
13,387
8,388
12,388
2,388
8,389
14,391
8,392
1,392
9,392
4,393
12,393
2,393
3,395
4,395
5,395
8,398
2,398
8,400
2,400
8,401
1,401
9,401
8,403
1,403
11,408
6,408
7,408
8,409
9,409
13,409
3,411
11,411
7,411
11,414
4,414
2,414
11,415
4,415
2,415
3,421
8,421
1,421
8,423
13,423
8,424
16,424
13,424
3,425
6,425
1,425
7,425
14,429
12,431
5,431
15,431
11,433
1,433
7,433
3,435
4,435
12,435
5,435
11,440
17,440
4,440
12,440
5,440
8,451
9,451
8,453
9,453
8,454
9,454
8,455
1,455
9,455
8,462
8,470
12,470
2,470
8,473
12,473
15,473
3,479
4,479
12,479
2,479
8,489
11,492
8,492
1,492
1,496
11,497
8,497
2,497
12,500
2,500
3,503
8,503
4,503
12,503
8,504
2,504
8,507
4,507
12,507
2,507
8,508
1,508
9,508
8,509
1,509
9,509
8,510
1,512
15,512
8,522
1,522
16,522
8,524
2,524
4,525
1,525
2,525
10,525
3,526
11,526
8,526
9,526
3,533
6,533
1,533
7,533
4,534
12,534
5,534
8,535
10,535
9,535
8,539
17,539
12,539
1,544
9,544
8,546
8,547
9,547
8,549
16,549
8,550
11,557
4,557
3,558
11,558
4,558
3,559
11,559
4,559
4,562
12,562
3,563
4,563
12,563
5,563
8,568
8,573
12,573
2,573
15,573
3,576
14,576
11,577
8,577
1,577
12,577
3,578
17,578
12,578
17,579
12,579
3,580
12,580
3,581
8,581
14,581
8,582
12,582
4,584
12,584
2,584
6,585
1,585
7,585
8,586
1,586
3,587
11,587
8,587
17,588
15,588
8,590
12,591
15,591
8,592
2,592
15,592
8,594
1,594
8,595
2,595
8,597
12,597
9,597
8,598
2,598
3,601
11,601
5,601
7,601
3,602
4,602
5,602
4,603
5,603
3,604
4,604
12,604
5,604
3,605
4,605
12,605
5,605
8,606
3,607
4,607
1,607
5,607
3,608
4,608
1,608
5,608
17,609
8,612
4,612
16,612
12,612
8,613
16,613
13,613
8,615
8,616
4,616
16,616
13,616
8,617
2,617
15,617
8,619
4,619
12,619
10,619
9,619
9,621
17,622
12,622
15,622
8,627
2,627
17,628
9,628
8,629
12,629
2,629
3,630
11,630
7,630
8,634
1,634
9,634
8,639
1,639
9,639
8,640
2,640
8,641
2,641
8,642
16,642
14,642
2,642
3,644
8,644
5,644
3,646
4,646
12,646
8,650
2,650
3,652
8,652
13,652
8,654
2,654
3,657
4,657
12,657
3,658
4,658
12,658
3,660
4,660
12,660
17,663
12,663
2,663
3,664
8,664
4,664
8,666
3,667
4,667
12,667
3,668
4,668
12,668
3,671
11,671
7,671
3,672
11,672
7,672
3,673
11,673
7,673
3,674
11,674
7,674
3,675
11,675
15,675
7,675
16,676
9,676
13,676
17,679
4,679
12,679
5,679
12,680
2,680
3,681
4,681
12,681
3,682
4,682
12,682
8,686
5,686
15,686
8,687
8,688
9,688
3,691
4,691
12,691
17,692
1,692
2,692
1,693
9,693
17,694
12,694
3,698
4,698
12,698
5,698
3,699
4,699
12,699
3,700
4,700
12,700
8,702
8,703
1,703
9,703
1,704
10,704
3,707
4,707
12,707
3,708
4,708
12,708
3,709
4,709
12,709
3,710
4,710
12,710
8,711
8,712
1,712
9,712
8,713
9,713
3,714
4,714
12,714
4,744
9,744
13,744
8,745
12,745
15,745
8,746
16,746
17,747
1,747
11,752
4,752
12,752
4,754
12,754
2,754
5,754
17,755
4,755
12,755
2,755
6,756
10,756
7,756
3,762
11,762
1,762
17,764
11,765
17,765
1,765
3,767
11,767
7,767
17,768
12,768
15,768
8,769
2,769
8,770
9,770
13,770
1,771
7,771
3,772
1,772
2,772
7,772
8,773
1,773
12,782
5,782
15,782
9,782
8,783
16,783
8,786
10,786
8,787
4,787
1,787
12,787
8,788
1,788
7,788
17,790
8,792
4,792
13,792
17,794
12,794
11,795
8,795
9,795
8,796
12,796
9,796
8,801
1,801
13,801
8,802
9,802
8,805
17,805
15,805
12,807
2,807
15,807
3,808
11,808
6,808
1,808
7,808
3,809
11,809
6,809
1,809
7,809
3,810
11,810
6,810
1,810
7,810
3,812
11,812
6,812
1,812
9,812
7,812
1,813
1,816
2,816
5,816
3,817
1,817
2,817
5,817
1,818
2,818
5,818
8,819
12,819
2,819
8,820
16,820
12,820
8,821
16,821
8,824
10,824
9,824
8,826
16,826
13,826
11,834
4,834
12,834
5,834
17,837
5,837
15,837
8,838
1,838
8,840
5,840
3,841
4,841
5,841
11,844
8,844
5,844
9,844
12,846
5,846
15,846
11,848
3,849
11,849
4,849
13,853
11,854
1,854
2,854
9,854
4,855
16,855
13,855
8,857
16,857
13,857
8,859
9,859
12,860
5,860
3,861
4,861
5,861
6,862
1,862
7,862
6,863
1,863
7,863
1,864
4,865
5,865
8,866
8,868
2,868
3,869
4,869
12,869
5,869
1,872
10,872
9,872
8,873
8,874
16,874
3,879
11,879
1,879
7,879
8,881
8,887
16,887
9,887
11,888
1,888
7,888
1,889
5,889
9,889
7,889
8,907
9,907
13,907
8,913
2,913
9,913
3,920
6,920
1,920
7,920
8,921
16,921
9,921
11,924
17,924
4,924
8,925
1,926
5,926
7,926
11,927
17,927
1,927
11,928
17,928
1,928
8,935
1,935
13,935
3,943
4,943
1,943
12,943
2,943
3,944
4,944
1,944
12,944
2,944
3,947
8,947
16,947
13,947
17,948
12,948
3,950
6,950
1,950
7,950
1,951
6,953
7,953
3,954
4,954
12,954
3,955
4,955
12,955
3,956
4,956
12,956
1,957
5,957
3,978
8,978
16,978
11,985
8,985
17,985
5,985
8,990
8,1018
12,1018
15,1018
11,1024
8,1024
4,1051
12,1051
2,1051
8,1088
7,1088
12,1090
5,1090
15,1090
17,1091
5,1091
15,1091
4,1103
5,1103
8,1116
16,1116
13,1116
8,1124
12,1124
15,1124
8,1125
8,1164
8,1165
8,1213
12,1213
2,1213
8,1245
9,1245
8,1246
8,1248
12,1248
2,1248
11,1250
17,1250
4,1250
12,1250
3,1251
8,1251
4,1251
13,1251
8,1259
9,1259
11,1262
8,1262
1,1262
9,1262
3,1265
8,1265
7,1265
8,1266
4,1266
12,1266
2,1266
1,1268
7,1268
3,1271
4,1271
13,1271
12,1272
5,1272
3,1273
6,1273
1,1273
7,1273
8,1359
12,1359
2,1359
8,1360
9,1360
8,1365
9,1365
8,1366
3,1368
4,1368
12,1368
13,1368
3,1369
4,1369
12,1369
13,1369
3,1370
4,1370
12,1370
13,1370
8,1372
4,1372
12,1372
8,1378
1,1378
9,1378
3,1381
8,1381
5,1381
9,1381
1,1389
2,1389
9,1389
8,1391
9,1391
8,1402
3,1408
4,1408
8,1415
1,1415
2,1415
11,1417
8,1417
13,1417
8,1422
12,1422
2,1422
11,1427
8,1427
2,1427
4,1428
8,1429
2,1429
18,1430
8,1435
18,1435
8,1440
9,1440
8,1443
9,1443
3,1452
11,1452
4,1452
5,1452
11,1487
4,1487
5,1487
11,1491
8,1491
12,1491
9,1491
4,1493
1,1493
2,1493
3,1495
8,1495
4,1495
16,1495
13,1495
3,1497
4,1497
1,1497
5,1497
7,1497
3,1499
11,1499
4,1499
1,1499
5,1499
7,1499
8,1523
4,1535
12,1535
2,1535
3,1537
4,1537
12,1537
2,1537
8,1538
12,1538
2,1538
1,1542
2,1542
17,1547
1,1547
8,1551
17,1551
12,1551
5,1551
8,1555
1,1555
9,1555
17,1562
12,1562
5,1562
4,1571
12,1571
4,1572
12,1572
4,1573
12,1573
8,1574
4,1574
1,1574
2,1574
10,1574
17,1576
4,1576
5,1576
17,1577
4,1577
5,1577
8,1578
3,1579
8,1579
4,1579
12,1579
1,1581
9,1581
1,1584
10,1584
11,1585
8,1585
7,1585
12,1586
15,1586
8,1587
9,1587
1,1588
3,1593
11,1593
4,1593
1,1593
7,1593
1,1597
9,1597
12,1598
2,1598
4,1613
1,1613
12,1613
2,1613
8,1619
4,1619
12,1619
2,1619
8,1620
4,1620
12,1620
2,1620
1,1621
1,1624
3,1635
4,1635
12,1635
5,1635
11,1636
1,1636
9,1636
3,1637
4,1637
2,1637
3,1639
4,1639
12,1639
8,1640
8,1642
4,1642
12,1642
2,1642
15,1642
8,1645
12,1645
2,1645
8,1646
2,1646
3,1648
1,1648
5,1648
3,1656
4,1656
18,1667
7,1667
3,1669
4,1669
12,1669
8,1677
10,1677
17,1683
3,1685
5,1685
15,1685
4,1687
5,1687
4,1688
5,1688
17,1690
17,1691
4,1701
12,1701
2,1701
4,1705
5,1705
8,1717
12,1717
8,1722
16,1722
9,1722
3,1724
4,1724
5,1724
8,1725
2,1725
10,1725
3,1726
4,1726
5,1726
3,1729
11,1729
4,1729
3,1734
11,1734
4,1734
3,1735
11,1735
4,1735
8,1770
12,1770
3,1771
4,1771
5,1771
18,1777
16,1779
18,1779
18,1781
8,1788
10,1788
9,1788
7,1788
1,1792
8,1813
17,1813
12,1813
15,1813
8,1817
12,1817
1,1819
9,1819
1,1824
9,1824
8,1830
12,1830
2,1830
1,1831
3,1832
11,1832
1,1832
8,1833
9,1833
8,1844
15,1844
9,1844
8,1850
1,1850
9,1850
8,1852
16,1852
12,1852
3,1858
4,1858
5,1858
3,1865
11,1865
4,1865
3,1878
8,1878
1,1878
4,1880
12,1880
8,1883
16,1883
8,1885
8,1887
16,1887
3,1891
4,1891
5,1891
3,1892
4,1892
5,1892
3,1893
4,1893
5,1893
3,1894
4,1894
5,1894
3,1895
4,1895
5,1895
8,1900
12,1900
2,1900
8,1903
12,1903
5,1903
15,1903
9,1903
8,1904
16,1904
9,1904
3,1907
8,1907
12,1907
9,1907
8,1909
1,1909
9,1909
3,1911
11,1911
4,1911
8,1913
8,1921
9,1921
3,1924
11,1924
4,1924
5,1924
8,1927
4,1927
5,1927
3,1930
11,1930
4,1930
8,1931
10,1931
16,1934
9,1934
17,1946
4,1946
12,1946
5,1946
8,1947
4,1948
12,1948
2,1948
8,1949
12,1949
2,1949
15,1949
8,1951
12,1954
5,1954
8,1955
16,1955
8,1957
12,1957
17,1961
1,1961
3,1966
8,1966
4,1966
16,1966
9,1966
13,1966
4,1969
1,1969
14,1969
2,1969
17,1970
12,1970
15,1970
17,1975
12,1975
3,1979
11,1979
4,1979
12,1979
8,1985
12,1985
15,1985
8,1988
12,1988
8,1989
9,1989
3,1995
11,1995
4,1995
12,1995
3,1996
11,1996
4,1996
12,1996
3,1997
8,1997
7,1997
8,2001
12,2001
2,2001
8,2009
8,2013
1,2018
1,2022
9,2022
3,2023
14,2023
8,2024
4,2024
16,2024
13,2024
8,2026
12,2026
2,2026
15,2026
8,2034
4,2034
12,2034
2,2034
4,2043
12,2043
2,2043
15,2043
8,2044
15,2044
9,2044
4,2048
5,2048
14,2055
8,2056
1,2056
8,2057
12,2057
15,2057
9,2057
3,2059
4,2059
12,2059
15,2059
11,2062
6,2062
1,2062
7,2062
5,2067
1,2069
2,2069
1,2074
9,2074
3,2080
4,2080
12,2080
5,2080
4,2085
12,2085
2,2085
8,2088
4,2088
12,2088
2,2088
8,2100
4,2100
12,2100
1,2105
9,2105
8,2112
4,2112
12,2112
2,2112
3,2114
11,2114
6,2114
4,2114
12,2114
5,2114
8,2116
12,2116
2,2116
8,2118
12,2118
2,2118
15,2118
3,2119
1,2122
12,2122
2,2122
1,2123
8,2133
3,2135
4,2135
5,2135
4,2140
12,2140
2,2140
8,2142
4,2142
2,2142
8,2148
2,2148
10,2148
9,2148
12,2155
3,2157
5,2157
7,2157
4,2162
1,2162
12,2162
8,2163
4,2163
12,2163
8,2176
12,2176
4,2185
1,2185
12,2185
8,2196
1,2196
3,2207
4,2207
12,2207
2,2207
8,2251
12,2251
12,2252
2,2252
15,2252
8,2253
16,2253
12,2253
13,2253
8,2255
1,2255
9,2255
8,2266
9,2266
3,2268
11,2268
3,2270
11,2270
9,2270
7,2270
8,2275
12,2275
2,2275
15,2275
1,2277
5,2277
11,2280
8,2280
1,2280
9,2280
7,2280
8,2288
9,2288
8,2289
1,2292
1,2293
9,2293
1,2294
1,2295
11,2300
6,2300
8,2300
1,2300
7,2300
3,2309
11,2309
7,2309
3,2310
6,2310
4,2310
3,2320
8,2320
4,2320
12,2320
8,2355
18,2359
8,2370
4,2370
12,2370
15,2370
3,2395
11,2395
1,2395
7,2395
8,2428
16,2428
4,2453
12,2453
3,2454
11,2454
7,2454
3,2486
11,2486
4,2486
7,2486
3,2493
11,2493
1,2493
9,2493
7,2493
8,2501
4,2501
12,2501
15,2501
8,2502
4,2502
12,2502
8,2503
4,2503
12,2503
15,2503
1,2539
8,2567
8,2575
12,2575
8,2604
13,2604
8,2610
1,2610
9,2610
11,2619
1,2619
9,2619
8,2621
1,2621
9,2621
4,2636
12,2636
8,2637
17,2637
15,2637
8,2639
1,2639
1,2642
9,2642
8,2649
12,2649
15,2649
8,2652
12,2652
8,2655
17,2655
12,2655
15,2655
17,2662
5,2666
15,2666
17,2667
15,2667
8,2669
4,2669
16,2669
8,2675
12,2675
5,2675
15,2675
11,2687
1,2687
5,2687
11,2698
1,2698
7,2698
4,2749
12,2749
2,2749
8,2755
1,2755
3,2756
4,2756
12,2756
5,2756
8,2757
1,2757
2,2757
1,2770
9,2770
4,2787
12,2787
5,2787
4,2789
5,2789
12,2832
15,2832
1,2898
9,2898
8,2900
12,2900
5,2900
11,2907
17,2907
1,2907
1,2925
1,2959
1,2976
10,2976
9,2976
7,2976
8,2977
9,2977
3,2989
12,2989
17,3021
12,3021
8,3033
1,3034
5,3034
1,3049
15,3049
11,3050
1,3050
7,3050
8,3059
8,3060
9,3060
13,3060
1,3062
10,3062
9,3062
1,3078
9,3078
1,3080
10,3080
9,3080
8,3082
1,3082
8,3083
1,3083
14,3089
12,3093
2,3093
15,3093
8,3116
8,3131
16,3131
2,3131
3,3132
4,3132
1,3132
12,3132
6,3170
8,3170
7,3170
4,3172
1,3172
2,3172
9,3172
8,3175
9,3175
13,3175
8,3291
16,3291
8,3482
4,3482
12,3482
13,3482
12,3489
2,3489
15,3489
6,3509
12,3509
5,3509
4,3512
12,3512
8,3536
4,3536
12,3536
13,3536
8,3580
2,3580
15,3580
8,3594
12,3594
15,3594
4,3595
12,3595
17,3597
12,3597
15,3597
17,3600
12,3600
15,3600
5,3604
1,3638
8,3682
10,3682
8,3683
16,3683
13,3683
8,3877
8,3902
10,3902
11,3933
6,3933
10,3933
9,3933
1,3981
9,3981
3,3989
6,3989
4,3989
1,3989
10,3989
11,4011
1,4011
8,4012
4,4105
12,4105
2,4105
4,4108
12,4108
2,4108
8,4133
2,4133
8,4147
12,4147
2,4147
8,4148
9,4148
8,4174
12,4174
15,4174
17,4232
2,4232
15,4232
17,4233
15,4233
17,4234
15,4234
11,4244
1,4244
7,4244
1,4248
8,4251
9,4251
1,4256
1,4257
1,4258
3,4327
4,4327
1,4327
12,4327
2,4327
8,4347
9,4347
8,4348
9,4348
8,4349
4,4349
12,4349
1,4379
9,4379
8,4380
1,4380
9,4380
8,4421
4,4421
3,4442
11,4442
4,4442
1,4442
12,4442
8,4464
16,4464
3,4476
8,4476
9,4476
13,4476
8,4477
12,4477
2,4477
8,4512
4,4512
14,4512
17,4513
12,4513
3,4515
8,4515
4,4515
16,4515
8,4517
16,4517
9,4517
8,4518
16,4518
11,4523
1,4523
9,4523
7,4523
8,4547
12,4547
2,4547
1,4551
2,4551
8,4553
12,4553
8,4566
2,4566
15,4566
8,4584
9,4584
8,4597
4,4597
12,4597
2,4597
8,4599
1,4599
9,4599
8,4614
4,4614
12,4614
4,4638
1,4638
2,4638
3,4723
8,4723
4,4723
1,4723
12,4723
5,4723
1,4806
9,4806
3,4824
4,4824
12,4824
2,4824
8,4836
12,4836
2,4836
12,4858
5,4858
8,4911
4,4911
12,4911
2,4911
8,4912
1,4912
12,4912
2,4912
9,4912
11,4922
8,4922
12,4922
15,4922
9,4922
14,4929
8,4942
1,4942
9,4942
8,4944
1,4944
8,4951
1,4951
9,4951
11,4958
8,4958
8,4959
12,4959
2,4959
8,4964
1,4964
9,4964
1,4967
17,4970
12,4970
8,4982
2,4982
8,4995
8,4997
12,4997
2,4997
15,4997
8,5038
9,5038
8,5123
8,5125
12,5125
3,5137
4,5137
12,5137
5,5137
15,5137
3,5172
8,5172
1,5172
5,5172
4,5174
1,5174
12,5174
2,5174
4,5175
1,5175
12,5175
2,5175
14,5176
4,5236
1,5236
2,5236
15,5236
3,5255
11,5255
6,5255
7,5255
8,5279
12,5279
15,5279
11,5393
6,5393
1,5393
5,5393
7,5393
4,5491
5,5491
13,5491
3,5503
4,5503
12,5503
2,5503
15,5503
3,5550
4,5550
12,5550
2,5550
5,5550
3,5551
4,5551
12,5551
3,5559
6,5559
1,5559
7,5559
3,5689
8,5689
9,5689
8,5722
1,5722
12,5722
8,5723
10,5723
9,5723
3,5769
1,5769
16,5769
9,5769
12,5780
15,5780
4,5820
12,5820
2,5820
8,5822
4,5822
9,5822
8,5852
12,5852
9,5852
1,5854
12,5854
2,5854
17,5876
12,5876
5,5876
8,5902
16,5902
13,5902
3,5915
8,5915
3,5925
8,5925
16,5925
12,5925
13,5925
8,5955
12,5955
2,5955
15,5955
1,5966
9,5966
8,6023
9,6023
3,6038
4,6038
1,6038
14,6038
3,6068
4,6068
1,6068
9,6068
4,6073
1,6073
2,6073
9,6073
17,6114
9,6114
3,6116
11,6116
8,6116
1,6116
10,6116
8,6171
17,6171
12,6171
5,6171
3,6278
11,6278
4,6278
1,6282
3,6415
4,6415
1,6415
11,6435
8,6435
1,6435
1,6439
17,6466
11,6477
6,6477
1,6477
10,6477
7,6477
8,6479
17,6479
4,6479
12,6479
5,6479
17,6488
1,6488
3,6519
4,6519
1,6519
3,6520
8,6520
4,6520
9,6520
8,6538
1,6538
16,6538
17,6552
1,6552
12,6552
1,6557
9,6557
1,6575
10,6575
8,6615
1,6615
9,6615
8,6639
9,6639
12,6687
2,6687
15,6687
3,6795
11,6795
5,6795
7,6795
1,6877
8,6947
12,6947
15,6947
8,6950
4,6950
12,6950
5,6950
1,6957
9,6957
1,6961
9,6961
8,6963
1,6963
8,6964
1,6964
9,6964
8,6972
8,6973
16,6973
12,6973
2,6973
15,6973
8,6977
12,6977
2,6977
3,6978
11,6978
4,6978
1,6978
4,7191
12,7191
5,7191
8,7214
8,7220
4,7220
2,7220
1,7278
4,7288
1,7288
12,7288
4,7299
12,7299
5,7299
8,7303
1,7303
9,7303
8,7304
4,7304
12,7304
2,7304
3,7305
8,7305
4,7305
12,7305
8,7326
1,7326
9,7326
17,7341
12,7341
5,7341
8,7345
8,7350
1,7350
3,7364
8,7364
4,7364
1,7364
15,7364
6,7443
1,7443
7,7443
8,7445
12,7445
13,7445
4,7446
1,7446
3,7450
6,7450
4,7450
5,7450
7,7450
3,7451
4,7451
12,7451
3,7453
1,7453
5,7453
7,7453
4,7459
5,7459
7,7459
8,7461
4,7461
12,7461
2,7461
3,7484
6,7484
7,7484
8,7485
4,7485
12,7485
2,7485
15,7485
12,7501
2,7501
8,7510
1,7510
3,7512
1,7512
5,7512
4,7516
1,7516
12,7516
2,7516
6,7518
1,7518
7,7518
1,7552
1,7553
8,7735
12,7735
17,7737
4,7737
5,7737
8,7859
8,7870
9,7870
8,7873
4,7873
12,7873
2,7873
8,7874
8,7913
1,7942
9,7942
8,7978
17,7978
12,7978
8,7979
11,7980
8,7980
8,8007
4,8007
12,8007
13,8007
3,8009
11,8009
4,8009
11,8011
4,8011
5,8011
1,8012
12,8012
2,8012
8,8046
8,8051
1,8051
9,8051
3,8053
8,8053
14,8053
2,8053
15,8053
3,8054
11,8054
15,8054
8,8055
9,8055
8,8065
2,8065
4,8068
12,8068
2,8068
5,8069
17,8077
4,8077
5,8077
17,8078
4,8078
5,8078
12,8080
2,8080
8,8090
8,8095
16,8095
9,8095
1,8141
12,8141
2,8141
9,8141
1,8193
3,8195
4,8195
12,8195
2,8195
8,8197
12,8197
2,8197
15,8197
8,8198
4,8198
12,8198
9,8198
4,8202
5,8202
3,8204
11,8204
7,8204
12,8224
2,8224
15,8224
3,8247
11,8247
5,8247
1,8265
8,8271
12,8271
15,8271
1,8273
9,8273
4,8285
1,8285
12,8285
2,8285
5,8285
8,8291
9,8291
4,8292
2,8292
8,8321
1,8321
2,8321
8,8328
10,8328
9,8328
17,8329
15,8329
17,8337
4,8337
12,8337
5,8337
8,8338
12,8338
5,8338
15,8338
8,8346
1,8346
9,8346
3,8355
6,8355
1,8355
7,8355
3,8358
8,8358
1,8363
3,8367
3,8373
4,8373
5,8373
4,8374
12,8374
2,8374
1,8386
17,8408
5,8408
8,8409
4,8409
17,8413
5,8413
15,8413
3,8427
4,8427
1,8427
12,8427
5,8452
8,8456
4,8456
17,8461
12,8461
2,8461
1,8467
1,8469
8,8470
12,8470
2,8470
3,8487
4,8487
1,8487
14,8487
5,8487
8,8488
1,8488
9,8488
8,8489
3,8536
11,8536
4,8536
5,8536
3,8584
4,8584
1,8584
14,8584
6,8587
8,8587
7,8587
3,8592
4,8592
1,8592
12,8592
2,8592
8,8618
1,8618
3,8619
8,8643
17,8643
12,8643
2,8643
12,8645
5,8645
8,8656
4,8656
9,8656
8,8665
16,8665
12,8665
3,8676
1,8676
9,8676
4,8681
12,8681
2,8688
15,8688
11,8698
4,8698
12,8698
5,8698
1,8699
8,8741
16,8741
13,8741
1,8780
3,8810
4,8810
12,8810
5,8810
3,8814
17,8814
4,8814
8,8818
16,8818
10,8818
4,8831
12,8831
2,8831
5,8831
8,8834
4,8834
12,8834
15,8834
1,8835
8,8836
12,8836
5,8836
15,8836
11,8839
1,8839
7,8839
11,8840
8,8842
9,8842
17,8843
12,8843
5,8843
8,8848
12,8848
2,8848
1,8849
3,8850
11,8850
4,8850
12,8850
5,8850
3,8854
4,8854
5,8854
1,8859
4,8870
12,8870
5,8870
11,8871
1,8871
7,8871
1,8872
10,8872
1,8874
9,8874
6,8885
8,8885
13,8885
4,8909
12,8909
2,8909
8,8913
17,8913
4,8914
12,8914
5,8914
3,8916
6,8916
1,8916
7,8916
6,8920
1,8920
7,8920
17,8922
12,8922
8,8944
1,8944
8,8952
1,8952
9,8952
11,8960
4,8960
3,8961
4,8961
1,8961
12,8961
2,8961
8,8963
4,8963
12,8963
3,8966
11,8966
8,8966
9,8966
11,8967
8,8967
8,8968
17,8968
12,8968
15,8968
1,8970
3,8975
8,8975
4,8975
12,8975
1,8976
12,8978
8,8984
12,8984
2,8984
15,8984
9,8984
8,8988
13,8988
8,8998
1,8998
9,8998
8,8999
12,8999
17,9003
11,9007
1,9007
9,9007
8,9008
12,9008
8,9009
17,9009
12,9009
1,9012
18,9012
3,9013
1,9013
2,9013
3,9016
11,9016
6,9016
5,9016
7,9016
11,9021
1,9021
7,9021
3,9023
6,9023
1,9023
14,9023
7,9023
1,9029
9,9029
8,9030
17,9030
12,9030
8,9032
1,9032
3,9036
8,9036
7,9036
3,9042
17,9042
4,9042
12,9042
3,9053
4,9053
12,9053
11,9067
4,9067
1,9067
5,9067
1,9072
2,9072
8,9075
12,9075
13,9075
8,9087
1,9087
9,9087
3,9093
8,9093
9,9093
13,9093
8,9095
17,9095
12,9095
9,9095
11,9100
8,9100
17,9100
12,9100
3,9208
8,9208
4,9208
12,9208
4,9257
12,9257
2,9257
3,9266
8,9268
4,9268
12,9268
15,9268
4,9271
12,9271
2,9271
5,9271
3,9273
1,9273
2,9273
17,9276
5,9276
15,9276
8,9277
1,9277
2,9277
1,9279
7,9279
12,9280
2,9280
9,9280
8,9281
12,9281
2,9281
9,9281
3,9285
1,9285
17,9286
15,9286
8,9289
4,9289
16,9289
13,9289
3,9290
1,9290
8,9291
1,9291
3,9292
4,9292
1,9292
11,9294
8,9294
5,9294
9,9294
11,9297
6,9297
1,9297
7,9297
8,9303
12,9303
2,9303
9,9303
11,9306
17,9306
5,9306
8,9310
1,9310
7,9310
11,9312
4,9312
8,9315
12,9315
15,9315
11,9327
1,9327
5,9327
9,9327
8,9331
4,9331
12,9331
3,9334
11,9334
4,9334
4,9335
12,9335
2,9335
1,9336
2,9336
11,9339
8,9339
1,9339
9,9339
3,9341
4,9341
12,9341
5,9341
3,9342
4,9342
8,9344
2,9344
17,9348
4,9348
5,9348
3,9350
4,9350
12,9350
1,9352
1,9353
7,9353
3,9355
4,9355
5,9355
17,9357
12,9357
17,9358
15,9358
3,9360
17,9360
12,9360
3,9361
8,9361
4,9361
16,9361
9,9361
13,9361
17,9362
4,9362
8,9366
12,9366
2,9366
4,9367
12,9367
2,9367
8,9372
1,9372
18,9372
11,9374
1,9374
3,9381
4,9381
12,9381
5,9381
4,9383
12,9383
5,9383
1,9384
2,9384
3,9387
11,9387
4,9387
8,9388
1,9388
6,9389
4,9389
5,9389
8,9390
1,9390
9,9390
1,9398
8,9400
4,9400
2,9400
6,9408
1,9408
7,9408
4,9414
1,9414
12,9414
2,9414
8,9422
17,9424
5,9424
15,9424
4,9425
5,9425
13,9425
1,9427
8,9428
1,9428
1,9429
1,9430
12,9430
2,9430
8,9437
12,9437
2,9437
15,9437
8,9443
16,9443
6,9444
7,9444
3,9447
11,9447
8,9447
1,9447
7,9447
3,9448
4,9448
1,9448
12,9448
8,9452
1,9452
8,9454
1,9454
9,9454
4,9455
12,9455
2,9455
15,9455
3,9457
17,9457
4,9457
5,9457
16,9459
18,9459
10,9459
8,9464
1,9464
2,9464
9,9464
8,9469
3,9471
4,9471
1,9471
1,9472
3,9476
8,9476
4,9476
9,9476
8,9481
12,9481
2,9481
15,9481
3,9486
4,9486
1,9486
3,9487
6,9487
1,9487
7,9487
3,9488
4,9488
7,9488
1,9489
9,9489
1,9490
2,9490
1,9493
11,9495
4,9495
12,9495
3,9502
6,9502
1,9502
7,9502
8,9504
2,9504
15,9504
8,9509
4,9509
12,9509
2,9509
8,9515
4,9515
1,9515
12,9515
2,9515
8,9516
4,9516
2,9516
3,9531
11,9531
4,9531
1,9531
5,9531
17,9532
17,9533
12,9533
2,9533
1,9535
2,9535
1,9541
9,9541
3,9543
11,9543
4,9543
9,9543
17,9544
12,9544
4,9548
1,9548
12,9548
2,9548
15,9548
8,9549
16,9549
8,9552
17,9552
12,9552
1,9557
3,9562
4,9562
5,9562
8,9563
8,9566
12,9566
15,9566
8,9567
4,9567
13,9567
3,9570
4,9570
5,9570
7,9570
8,9571
1,9571
8,9573
12,9573
2,9573
15,9573
1,9574
5,9574
7,9574
1,9576
9,9576
1,9582
9,9582
3,9593
11,9593
4,9593
1,9593
7,9593
8,9594
4,9594
12,9594
2,9594
11,9598
8,9598
1,9598
7,9598
1,9600
2,9600
3,9607
11,9607
1,9607
7,9607
3,9610
11,9610
4,9610
1,9614
8,9615
4,9615
12,9615
2,9615
11,9616
8,9616
17,9616
12,9616
15,9616
9,9616
3,9618
4,9618
1,9618
3,9619
4,9619
12,9619
3,9620
4,9620
12,9620
5,9620
15,9620
8,9621
1,9621
9,9621
4,9624
12,9624
3,9626
11,9626
4,9626
3,9631
8,9631
4,9631
12,9631
2,9631
15,9631
3,9637
1,9637
15,9637
1,9641
17,9645
12,9645
15,9645
4,9654
2,9654
8,9655
1,9655
9,9655
7,9655
17,9656
12,9656
3,9659
4,9659
12,9659
5,9659
3,9662
6,9662
8,9662
1,9662
3,9664
8,9664
4,9664
16,9664
9,9664
13,9664
13,9665
11,9667
8,9667
12,9667
15,9667
3,9671
1,9671
8,9672
8,9675
1,9675
9,9675
8,9676
4,9679
12,9679
2,9679
17,9682
12,9682
8,9685
1,9685
3,9691
4,9691
12,9691
2,9691
8,9693
4,9693
12,9693
5,9693
11,9697
8,9697
12,9697
15,9697
8,9700
9,9700
8,9701
3,9703
11,9703
4,9703
13,9703
4,9705
12,9705
2,9705
1,9718
17,9725
12,9725
8,9726
1,9726
9,9726
17,9728
12,9728
17,9730
12,9730
17,9731
12,9731
4,9737
1,9737
12,9737
2,9737
8,9741
12,9741
5,9741
8,9746
12,9754
3,9759
4,9759
12,9759
2,9759
3,9760
4,9760
1,9760
8,9762
2,9762
10,9762
9,9762
8,9763
3,9766
8,9766
4,9766
2,9766
1,9767
9,9767
8,9770
4,9770
12,9770
4,9772
12,9772
1,9778
9,9778
8,9779
1,9779
1,9781
10,9781
8,9787
17,9792
12,9792
1,9794
9,9794
8,9798
4,9798
12,9798
4,9799
12,9799
2,9799
8,9800
1,9801
9,9801
3,9802
4,9802
12,9802
3,9804
4,9804
3,9806
6,9806
4,9806
7,9806
1,9809
2,9809
8,9813
12,9813
8,9816
10,9816
9,9816
7,9816
11,9823
4,9823
5,9823
3,9824
11,9824
4,9824
1,9824
5,9824
17,9825
4,9825
1,9825
12,9825
5,9825
3,9826
4,9826
8,9829
4,9829
16,9829
12,9829
2,9829
8,9833
12,9833
9,9833
6,9836
1,9836
3,9837
6,9837
8,9837
10,9837
7,9837
8,9842
1,9842
9,9842
8,9849
1,9849
5,9849
7,9849
8,9869
4,9869
12,9869
2,9869
8,9870
1,9870
9,9870
17,9877
12,9877
8,9879
12,9879
2,9879
1,9880
9,9880
7,9880
8,9882
4,9882
12,9882
2,9882
8,9884
4,9884
12,9884
1,9889
9,9889
4,9890
1,9890
5,9890
8,9894
1,9894
12,9894
8,9895
1,9895
12,9895
9,9895
3,9896
1,9896
1,9899
10,9899
17,9902
12,9902
8,9903
1,9903
3,9906
11,9906
6,9906
1,9906
7,9906
6,9907
1,9907
7,9907
8,9913
17,9913
12,9913
15,9913
1,9919
9,9919
4,9920
12,9920
5,9920
3,9922
8,9922
4,9923
2,9923
6,9928
1,9928
5,9928
7,9928
1,9932
2,9932
1,9942
8,9944
12,9944
2,9944
15,9944
11,9946
17,9946
4,9946
15,9946
11,9947
4,9947
8,9950
4,9950
1,9950
2,9950
3,9952
8,9952
13,9952
3,9954
11,9954
17,9954
4,9954
12,9954
5,9954
8,9962
1,9962
9,9962
8,9963
12,9963
15,9963
3,9975
6,9975
1,9975
7,9975
3,9978
4,9978
7,9978
1,9981
9,9981
7,9981
6,9982
1,9982
7,9982
11,9986
1,9986
7,9986
1,9988
8,9989
4,9989
2,9989
3,9992
11,9992
6,9992
7,9992
3,10003
4,10003
12,10003
5,10003
9,10003
17,10012
1,10012
11,10013
8,10013
1,10013
9,10013
17,10014
17,10016
4,10016
5,10016
17,10017
4,10017
2,10017
5,10017
9,10017
8,10022
4,10022
1,10022
12,10022
7,10022
8,10024
11,10025
8,10025
1,10025
9,10025
7,10025
4,10027
2,10027
10,10028
9,10028
7,10028
1,10029
12,10029
2,10029
8,10030
1,10030
9,10030
4,10045
12,10045
5,10045
3,10047
8,10047
4,10047
16,10047
13,10047
4,10048
8,10052
17,10053
12,10053
3,10054
4,10054
1,10054
7,10054
8,10060
3,10061
4,10061
12,10061
5,10061
8,10065
17,10065
12,10065
17,10066
1,10067
7,10067
8,10068
9,10068
17,10069
12,10069
17,10072
12,10072
1,10073
3,10077
4,10077
12,10077
5,10077
3,10090
4,10090
1,10090
2,10090
17,10092
12,10092
11,10096
1,10096
9,10096
3,10117
8,10117
4,10117
1,10117
2,10117
17,10131
12,10131
8,10132
4,10135
12,10135
3,10136
4,10136
1,10136
11,10137
6,10137
1,10137
7,10137
3,10138
4,10138
5,10138
8,10139
16,10139
3,10140
11,10140
7,10140
8,10147
1,10147
2,10147
1,10152
5,10153
1,10156
3,10159
4,10159
1,10159
12,10159
17,10160
12,10160
17,10163
12,10163
5,10163
8,10184
1,10184
9,10184
8,10185
17,10185
12,10185
2,10185
15,10185
1,10186
10,10186
8,10187
1,10187
3,10188
8,10188
1,10188
7,10188
4,10189
1,10189
3,10191
11,10191
6,10191
7,10191
3,10192
11,10192
6,10192
1,10192
7,10192
6,10193
1,10193
7,10193
3,10195
11,10195
4,10195
3,10196
11,10196
4,10196
7,10196
8,10197
10,10197
9,10197
6,10198
10,10198
9,10198
7,10198
3,10199
6,10199
7,10199
8,10200
12,10200
5,10200
1,10201
11,10202
1,10202
9,10202
7,10202
3,10204
4,10204
1,10204
8,10207
9,10207
11,10208
1,10208
5,10208
7,10208
11,10215
8,10215
1,10215
9,10215
8,10217
1,10218
9,10218
8,10220
2,10220
17,10225
12,10225
15,10225
8,10229
9,10229
1,10246
8,10269
10,10269
9,10269
17,10281
12,10281
17,10283
12,10283
11,10285
17,10285
12,10285
8,10288
17,10288
1,10288
9,10288
17,10306
12,10306
17,10307
8,10312
1,10312
1,10313
13,10313
1,10314
9,10314
3,10315
6,10315
1,10315
7,10315
8,10316
8,10317
1,10317
8,10320
17,10320
12,10320
1,10327
3,10329
8,10329
4,10329
12,10329
5,10329
15,10329
1,10330
17,10331
8,10333
9,10333
3,10336
11,10336
17,10336
4,10336
12,10336
5,10336
3,10339
8,10339
1,10358
8,10362
9,10362
8,10364
1,10364
13,10364
4,10366
5,10366
8,10368
1,10368
13,10368
4,10375
12,10375
8,10377
1,10377
17,10384
12,10384
5,10384
8,10385
1,10385
3,10386
11,10386
6,10386
5,10386
7,10386
8,10388
4,10388
12,10388
2,10388
15,10388
8,10397
8,10398
12,10398
2,10398
15,10398
8,10400
1,10402
1,10414
7,10414
8,10425
4,10425
12,10425
2,10425
1,10426
8,10428
4,10428
12,10428
2,10428
4,10431
12,10431
2,10431
8,10436
9,10436
11,10439
1,10439
7,10439
3,10448
8,10461
4,10461
12,10461
2,10461
1,10471
8,10476
4,10477
8,10478
1,10478
9,10478
1,10481
7,10481
4,10483
12,10483
5,10483
3,10488
11,10488
1,10488
7,10488
1,10490
3,10501
6,10501
1,10501
7,10501
12,10514
5,10514
1,10521
8,10523
16,10523
6,10527
7,10527
3,10528
4,10528
2,10528
15,10528
3,10530
6,10530
8,10530
7,10530
8,10533
16,10533
9,10533
8,10534
4,10534
8,10537
10,10537
6,10545
8,10545
7,10545
3,10550
4,10550
12,10550
6,10555
4,10555
1,10555
7,10555
1,10557
8,10559
12,10559
2,10559
5,10559
8,10560
10,10560
8,10564
1,10564
9,10564
6,10567
7,10567
8,10571
1,10571
9,10571
17,10577
12,10577
17,10585
12,10585
3,10586
8,10589
4,10589
1,10589
2,10589
4,10590
16,10590
13,10590
1,10591
8,10592
13,10592
8,10611
1,10611
8,10623
4,10623
2,10623
1,10625
8,10629
12,10629
2,10629
8,10632
4,10632
12,10632
2,10632
1,10634
8,10637
3,10643
17,10643
4,10643
5,10643
1,10646
9,10646
8,10647
9,10647
4,10656
12,10656
11,10658
1,10658
5,10658
4,10661
1,10661
1,10663
17,10664
12,10664
8,10673
2,10673
3,10674
6,10674
7,10674
17,10676
5,10676
15,10676
1,10678
6,10681
7,10681
8,10683
1,10683
8,10684
12,10684
15,10684
13,10684
8,10691
9,10691
8,10696
9,10696
8,10707
1,10707
1,10708
7,10708
8,10712
9,10712
6,10715
1,10715
7,10715
4,10718
11,10719
1,10719
7,10719
3,10724
4,10724
12,10724
5,10724
8,10731
12,10731
2,10731
15,10731
16,10733
14,10733
13,10733
8,10734
2,10734
11,10756
1,10756
12,10756
15,10756
7,10756
1,10758
1,10760
1,10761
9,10761
3,10762
4,10762
1,10762
12,10762
3,10764
4,10764
12,10764
2,10764
8,10774
17,10776
1,10776
10,10776
8,10782
4,10782
12,10782
2,10782
15,10782
4,10796
12,10796
5,10796
8,10802
3,10803
4,10803
5,10803
9,10803
11,10808
1,10808
9,10808
7,10808
8,10858
16,10858
3,10861
4,10861
12,10861
3,10865
6,10865
5,10865
7,10865
8,10866
12,10866
15,10866
3,10871
4,10871
12,10871
15,10871
8,10873
17,10873
8,10876
4,10877
12,10877
2,10877
1,10878
2,10878
9,10878
4,10890
1,10890
8,10894
17,10894
12,10894
9,10894
6,10895
7,10895
4,10923
17,10925
1,10925
8,10935
4,10935
16,10935
14,10935
12,10944
15,10944
8,10950
3,10956
8,10956
1,10956
15,10956
9,10956
17,10972
15,10972
6,10982
1,10982
7,10982
17,10987
12,10987
3,10991
11,10991
6,10991
4,10991
7,10991
1,10992
7,10992
3,10996
6,10996
1,10996
7,10996
8,10998
12,10998
9,10998
3,10999
4,10999
12,10999
4,11001
1,11001
2,11001
1,11007
8,11013
1,11013
9,11013
17,11015
12,11015
15,11015
8,11022
4,11022
12,11022
2,11022
8,11023
2,11023
17,11026
12,11026
15,11026
17,11033
12,11033
15,11033
8,11036
9,11036
8,11042
1,11042
2,11042
8,11051
8,11058
17,11058
12,11058
5,11058
1,11066
9,11066
1,11072
14,11072
8,11086
9,11086
4,11090
1,11090
8,11091
1,11091
9,11091
8,11093
17,11096
12,11096
15,11096
8,11113
10,11113
9,11113
7,11113
8,11128
4,11128
12,11128
8,11129
1,11129
8,11130
1,11130
9,11130
7,11130
1,11132
4,11141
1,11141
12,11141
9,11141
3,11153
1,11153
9,11153
3,11165
8,11165
4,11165
16,11165
13,11165
8,11170
1,11172
10,11172
9,11172
8,11186
17,11186
8,11202
16,11202
13,11202
8,11208
12,11208
15,11208
9,11208
3,11212
4,11212
1,11212
7,11212
17,11217
1,11217
1,11219
12,11219
15,11219
3,11228
4,11228
12,11228
3,11237
17,11237
4,11237
12,11237
5,11237
8,11240
1,11240
9,11240
1,11247
8,11249
17,11249
1,11249
3,11253
11,11253
5,11253
8,11257
9,11257
12,11258
3,11260
1,11260
5,11260
7,11260
3,11282
1,11282
11,11283
1,11283
7,11283
17,11284
1,11284
12,11284
1,11287
8,11298
17,11298
1,11302
8,11306
12,11306
8,11313
15,11313
8,11321
8,11322
16,11322
2,11322
8,11323
1,11323
2,11323
8,11324
12,11324
15,11324
17,11336
12,11336
5,11336
17,11351
12,11351
17,11357
12,11357
3,11358
8,11358
4,11358
12,11358
17,11361
12,11361
3,11362
8,11362
4,11362
12,11362
1,11363
9,11363
3,11370
8,11370
4,11370
4,11371
12,11371
2,11371
3,11375
4,11375
1,11375
12,11375
17,11377
12,11377
15,11377
8,11386
12,11386
2,11386
9,11386
11,11395
8,11395
1,11395
7,11395
1,11397
3,11398
4,11398
2,11398
8,11400
16,11400
9,11400
8,11404
1,11404
3,11411
4,11411
5,11411
4,11412
12,11412
2,11412
15,11412
8,11426
9,11426
13,11426
8,11431
1,11431
9,11431
12,11439
15,11439
17,11442
12,11442
3,11451
11,11451
1,11451
9,11451
7,11451
1,11452
9,11452
1,11453
12,11456
2,11456
15,11456
3,11459
1,11459
7,11459
17,11460
12,11460
8,11468
12,11468
15,11468
17,11470
5,11470
8,11478
12,11478
2,11478
11,11495
8,11495
17,11495
4,11495
12,11495
17,11507
12,11507
2,11507
15,11507
18,11516
4,11517
1,11517
2,11517
4,11519
1,11519
1,11529
9,11529
8,11536
4,11536
9,11536
1,11543
6,11544
7,11544
8,11545
1,11545
3,11551
11,11551
4,11551
1,11551
5,11551
8,11560
12,11560
2,11560
15,11560
1,11561
5,11561
9,11561
1,11565
2,11565
3,11576
4,11576
1,11576
2,11576
14,11577
11,11586
17,11586
12,11586
17,11592
1,11592
12,11592
2,11592
11,11596
17,11596
12,11596
15,11596
8,11600
13,11600
17,11601
12,11601
15,11601
8,11615
12,11615
2,11615
11,11618
17,11618
12,11618
15,11618
3,11619
6,11619
1,11619
7,11619
8,11620
16,11620
9,11620
1,11622
9,11622
1,11624
1,11631
9,11631
8,11632
9,11632
1,11635
3,11637
1,11637
9,11637
7,11637
1,11638
9,11638
8,11644
12,11644
15,11644
1,11648
9,11648
8,11661
16,11661
10,11661
9,11661
13,11661
4,11665
1,11665
12,11665
3,11667
4,11667
12,11667
3,11678
4,11678
12,11678
3,11679
8,11679
4,11679
12,11679
2,11679
15,11679
17,11683
3,11688
11,11688
6,11688
1,11688
7,11688
4,11690
4,11692
1,11692
5,11692
14,11697
8,11699
2,11699
8,11702
4,11702
12,11702
2,11702
1,11775
2,11775
9,11775
8,11778
13,11778
3,11780
8,11798
2,11798
6,11802
7,11802
8,11804
17,11804
12,11804
1,11812
9,11812
1,11823
9,11823
8,11831
16,11831
15,11831
8,11835
4,11835
12,11835
2,11835
6,11836
1,11836
7,11836
1,11843
1,11858
13,11858
4,11863
12,11863
15,11863
9,11863
3,11866
8,11866
4,11866
12,11866
1,11870
7,11870
8,11873
3,11876
8,11876
9,11876
13,11876
8,11892
12,11892
2,11892
14,11901
17,11917
12,11917
2,11917
4,11918
1,11918
5,11918
17,11932
1,11932
3,11967
8,11967
4,11967
14,11967
2,11967
3,11968
4,11968
12,11968
2,11968
3,11969
8,11969
4,11969
16,11969
14,11969
8,11973
12,11973
8,11975
12,11975
2,11975
1,11977
8,11978
11,11979
8,11979
17,11979
11,11980
17,11980
12,11980
4,12088
12,12088
5,12088
1,12090
4,12094
1,12094
18,12094
8,12100
4,12100
16,12100
13,12100
12,12103
4,12106
14,12106
11,12107
1,12107
5,12107
9,12107
8,12109
1,12109
10,12109
8,12113
4,12113
12,12113
1,12120
5,12120
8,12123
4,12123
12,12123
5,12123
1,12133
3,12138
4,12138
1,12138
12,12138
2,12138
11,12142
17,12142
4,12142
12,12142
3,12144
6,12144
7,12144
8,12149
12,12149
2,12149
8,12150
2,12150
15,12150
1,12153
3,12155
11,12155
7,12155
17,12158
1,12158
9,12158
11,12159
8,12159
9,12159
8,12160
4,12160
14,12160
8,12162
12,12162
13,12162
8,12163
9,12163
1,12177
9,12177
1,12182
10,12182
9,12182
8,12193
1,12193
9,12193
8,12201
12,12201
2,12201
15,12201
11,12211
4,12211
5,12211
17,12212
8,12220
1,12220
9,12220
3,12227
8,12227
4,12227
7,12227
16,12228
18,12228
3,12244
6,12244
4,12244
12,12244
5,12244
8,12257
1,12257
9,12257
4,12277
1,12277
3,12279
4,12279
1,12279
5,12279
7,12279
8,12281
2,12281
3,12289
8,12289
4,12289
3,12403
12,12403
15,12403
8,12404
1,12404
9,12404
8,12405
9,12405
8,12412
13,12412
3,12437
11,12437
4,12437
12,12437
5,12437
8,12498
8,12508
1,12508
10,12508
1,12535
10,12535
1,12569
8,12573
1,12573
3,12589
11,12589
6,12589
4,12589
1,12589
5,12589
7,12589
3,12610
6,12610
4,12610
1,12610
7,12610
8,12618
9,12618
1,12620
9,12620
1,12634
2,12634
1,12657
9,12657
8,12690
14,12690
2,12690
3,12704
4,12704
1,12704
10,12763
1,12771
9,12771
1,12779
9,12779
6,12819
7,12819
3,12837
18,12901
3,13001
5,13001
17,13006
4,13006
12,13006
2,13006
5,13006
17,13025
4,13025
5,13025
4,13027
12,13027
15,13027
4,13051
3,13053
6,13053
1,13053
7,13053
4,13056
2,13056
3,13064
4,13064
1,13064
8,13067
1,13067
9,13067
8,13072
4,13072
12,13072
8,13075
8,13090
1,13090
8,13092
1,13092
9,13092
8,13150
12,13150
2,13150
4,13154
12,13154
3,13155
11,13155
7,13155
4,13183
5,13183
15,13183
4,13184
12,13184
2,13184
3,13191
4,13191
1,13191
12,13191
8,13197
4,13197
12,13197
2,13197
15,13197
8,13223
8,13279
12,13279
2,13279
4,13282
1,13282
5,13282
3,13335
1,13335
1,13342
18,13362
1,13370
10,13370
8,13374
1,13374
7,13374
8,13389
4,13389
12,13389
2,13389
4,13408
1,13408
8,13435
9,13435
12,13448
15,13448
4,13460
12,13460
5,13460
3,13475
4,13475
5,13475
1,13476
9,13476
12,13483
2,13483
15,13483
8,13490
1,13490
4,13495
4,13496
14,13496
8,13497
1,13497
10,13497
9,13497
11,13501
8,13501
1,13501
10,13501
9,13501
18,13508
17,13515
12,13515
15,13515
3,13523
1,13523
9,13523
8,13536
2,13536
15,13536
8,13537
16,13537
1,13596
9,13596
3,13600
11,13600
7,13600
1,13680
7,13680
8,13685
1,13685
2,13685
6,13700
7,13700
8,13751
17,13788
12,13788
15,13788
4,13805
1,13805
4,13809
12,13809
2,13809
3,13811
8,13811
4,13811
12,13811
5,13811
15,13811
17,13812
12,13812
5,13812
1,13820
12,13820
2,13820
5,13820
1,13827
3,13836
11,13836
4,13836
12,13836
5,13836
7,13836
11,13856
8,13856
5,13856
3,13888
8,13888
9,13888
14,13909
8,13920
4,13922
16,13922
13,13922
8,13937
17,13937
12,13937
2,13937
3,13938
4,13938
1,13938
11,13948
1,13948
3,13950
4,13950
1,13950
8,13960
8,13967
9,13967
7,13967
8,13972
1,13972
9,13972
8,13973
1,13973
8,13990
1,13991
8,13996
1,13996
8,14012
8,14024
10,14024
9,14024
8,14047
8,14112
2,14112
11,14113
1,14113
7,14113
12,14139
5,14139
1,14144
7,14144
3,14160
6,14160
1,14160
7,14160
3,14161
4,14161
5,14161
3,14164
11,14164
4,14164
12,14164
5,14164
3,14175
6,14175
7,14175
1,14177
9,14177
8,14181
12,14181
2,14181
11,14191
1,14191
9,14191
7,14191
3,14199
5,14199
7,14199
8,14256
1,14256
18,14271
18,14275
18,14278
8,14283
12,14283
15,14283
10,14283
9,14283
8,14292
16,14292
1,14306
7,14306
3,14324
4,14324
1,14324
9,14324
8,14325
8,14337
12,14337
5,14337
3,14351
8,14351
4,14351
8,14359
15,14359
1,14369
4,14396
1,14396
2,14396
3,14405
1,14405
7,14405
3,14411
6,14411
7,14411
1,14425
8,14429
1,14429
9,14429
7,14429
1,14434
9,14434
17,14435
15,14435
8,14438
11,14442
1,14442
7,14442
6,14444
7,14444
17,14451
1,14451
8,14462
12,14462
15,14462
11,14517
1,14536
3,14560
4,14560
1,14560
7,14560
8,14574
13,14574
8,14578
1,14578
9,14578
3,14623
11,14623
4,14623
1,14623
5,14623
7,14623
8,14631
8,14635
7,14635
16,14729
14,14729
8,14736
4,14736
1,14736
9,14736
8,14799
1,14799
8,14811
9,14811
6,14836
7,14836
1,14844
9,14844
8,14846
1,14846
9,14846
8,14854
4,14854
14,14854
12,14854
2,14854
9,14854
3,14869
4,14869
12,14869
5,14869
3,14873
6,14873
7,14873
8,15005
3,15028
12,15028
5,15028
7,15028
8,15037
1,15037
9,15037
4,15049
1,15049
2,15049
3,15070
8,15070
4,15070
12,15070
3,15074
8,15074
4,15074
12,15074
4,15092
12,15092
2,15092
8,15121
10,15121
9,15121
7,15121
17,15158
4,15158
12,15158
5,15158
8,15186
1,15186
9,15186
1,15189
7,15189
8,15198
1,15198
8,15256
1,15256
9,15256
3,15268
4,15268
12,15268
5,15268
11,15301
8,15301
17,15301
12,15301
5,15301
1,15373
8,15487
7,15487
3,15512
6,15512
5,15512
7,15512
8,15568
8,15624
9,15624
8,15644
4,15644
12,15644
1,15647
6,15655
7,15655
1,15673
8,15699
7,15699
19,15699
8,15708
1,15708
9,15708
4,15745
1,15745
12,15745
4,15797
3,15875
1,15875
9,15875
3,15927
8,15927
16,15927
8,15992
12,15992
15,15992
8,16052
8,16072
16,16072
13,16072
1,16148
12,16148
2,16148
15,16148
8,16158
1,16158
9,16158
8,16161
2,16161
9,16161
8,16162
1,16162
1,16172
8,16222
1,16222
9,16222
8,16232
1,16232
11,16281
17,16281
1,16281
17,16288
4,16290
1,16290
18,16290
3,16320
4,16320
12,16320
5,16320
8,16323
10,16323
9,16323
17,16337
3,16340
6,16340
1,16340
7,16340
3,16353
4,16353
12,16353
1,16363
1,16406
11,16523
7,16523
1,16538
1,16558
2,16558
9,16558
8,16564
16,16564
13,16564
6,16577
4,16577
5,16577
7,16577
3,16608
8,16608
4,16608
14,16608
12,16608
2,16608
1,16614
12,16617
2,16617
15,16617
8,16620
10,16620
8,16643
1,16643
9,16643
3,16651
8,16651
4,16651
7,16651
3,16690
11,16690
6,16690
7,16690
8,16727
8,16769
10,16769
8,16781
1,16781
9,16781
1,16784
3,16866
6,16866
1,16866
5,16866
7,16866
8,16869
4,16869
12,16869
13,16869
17,16871
12,16871
1,16888
11,16911
4,16911
12,16911
5,16911
4,16995
1,16996
1,17047
8,17113
8,17127
1,17127
9,17127
3,17130
8,17130
4,17130
1,17130
10,17130
9,17130
7,17130
3,17134
8,17134
4,17134
12,17134
8,17202
1,17202
3,17264
7,17264
8,17277
16,17277
8,17332
3,17339
4,17339
12,17339
13,17339
3,17379
8,17379
1,17379
8,17431
5,17431
8,17436
3,17578
6,17578
15,17578
3,17610
1,17610
5,17654
8,17707
12,17707
4,17708
1,17708
2,17708
3,17711
6,17711
4,17711
1,17711
7,17711
1,17813
9,17813
10,17820
9,17820
3,17834
11,17834
1,17834
7,17834
8,17880
1,17880
7,17880
8,17917
10,17917
7,17917
1,17926
9,17926
6,17979
8,17979
8,18041
12,18041
15,18041
8,18126
1,18126
10,18126
9,18126
7,18126
3,18162
1,18162
5,18162
8,18206
12,18206
2,18206
9,18206
3,18239
11,18239
8,18239
9,18239
8,18240
1,18240
9,18240
8,18254
16,18254
8,18320
16,18320
9,18320
3,18360
11,18360
4,18360
1,18360
7,18360
8,18405
17,18405
12,18405
2,18405
8,18475
1,18475
8,18487
12,18487
2,18487
4,18501
12,18501
5,18501
8,18533
4,18533
2,18533
4,18550
1,18550
12,18550
8,18615
15,18615
9,18615
8,18712
4,18712
16,18712
13,18712
8,18734
1,18736
7,18736
8,18777
12,18777
2,18777
15,18777
1,18785
3,18823
11,18823
4,18823
1,18892
8,18900
2,18900
8,18923
9,18923
8,18925
11,18937
6,18937
8,18937
9,18937
7,18937
8,18947
1,18947
1,19084
7,19084
8,19255
1,19255
9,19255
1,19265
9,19265
6,19405
1,19405
5,19405
7,19405
3,19585
11,19585
4,19585
1,19585
7,19585
17,19898
4,19898
12,19898
5,19898
15,19898
1,19899
9,19899
11,19901
17,19901
4,19901
12,19901
5,19901
17,19908
1,19908
17,19912
15,19912
8,19913
1,19913
9,19913
4,19959
12,19959
5,19959
17,19994
1,19994
3,19995
11,19995
4,19995
5,19995
8,19997
12,19997
2,19997
1,20009
9,20009
8,20024
1,20178
9,20178
1,20337
6,20352
7,20352
8,20391
4,20391
1,20391
14,20391
10,20391
3,20483
4,20483
7,20483
4,20504
12,20504
5,20504
3,20526
4,20526
5,20526
11,20533
8,20533
4,20533
14,20533
12,20533
8,20616
12,20616
3,20662
4,20662
8,20697
4,20697
1,20697
8,20737
1,20737
7,20737
8,20761
1,20761
8,20763
8,20764
12,20764
5,20764
3,20766
8,20766
1,20794
12,20794
2,20794
8,20829
1,20829
3,20856
11,20856
1,20856
5,20856
7,20856
1,20857
9,20857
1,20943
9,20943
17,21208
12,21208
15,21208
8,21301
1,21301
8,21334
1,21334
7,21334
8,21345
16,21345
13,21345
8,21349
1,21349
9,21349
18,21525
10,21525
4,21610
12,21610
2,21610
8,21612
2,21612
3,21755
8,21755
1,21755
9,21755
8,22013
18,22074
8,22215
1,22215
9,22215
8,22256
8,22267
14,22267
9,22267
13,22267
8,22301
4,22301
16,22301
8,22314
4,22314
12,22314
2,22314
1,22345
5,22345
7,22345
3,22538
4,22538
1,22538
8,22556
9,22556
8,22597
1,22597
9,22597
8,22649
9,22649
13,22649
4,22787
12,22787
2,22787
15,22787
6,22794
1,22794
7,22794
8,22796
1,22796
7,22796
8,22798
8,22803
12,22803
2,22803
17,22804
15,22804
4,22821
12,22821
2,22821
12,22824
5,22824
15,22824
12,22825
5,22825
4,22832
12,22832
2,22832
8,22881
17,22894
1,22897
9,22897
8,22907
4,22907
12,22907
2,22907
8,22947
9,22947
1,22949
7,22949
8,22954
16,22954
17,22970
12,22970
8,22971
9,22971
13,22971
3,22972
8,22972
4,22972
12,22972
13,22972
3,23048
1,23048
5,23048
1,23049
9,23049
11,23082
1,23082
9,23082
8,23168
12,23168
2,23168
4,23172
1,23172
7,23172
4,23330
1,23330
14,23330
8,23367
1,23367
10,23367
7,23367
11,23398
6,23398
1,23398
10,23398
7,23398
1,23479
7,23479
4,23483
2,23483
11,23629
4,23629
12,23629
4,23631
1,23631
12,23631
3,23685
11,23685
6,23685
4,23685
1,23685
1,23706
17,23730
5,23730
4,23742
1,23742
2,23742
3,23759
8,23759
4,23759
17,23827
15,23827
17,23963
5,23963
15,23963
3,24021
11,24021
8,24021
9,24021
1,24066
2,24066
17,24100
7,24100
1,24113
9,24113
8,24137
1,24137
9,24137
17,24150
8,24206
4,24206
12,24206
8,24226
4,24227
3,24264
11,24264
4,24264
1,24264
5,24264
8,24266
4,24266
14,24266
9,24266
7,24266
3,24418
11,24418
4,24418
12,24418
11,24420
8,24420
9,24420
3,24428
4,24428
5,24428
7,24432
1,24438
8,24469
6,24662
1,24662
10,24662
7,24662
8,24684
9,24684
3,24746
4,24746
5,24746
8,24748
4,24748
14,24748
8,24803
9,24803
1,24940
9,24940
3,24961
11,24961
10,24961
7,24961
8,24973
16,24973
17,25066
12,25066
2,25066
1,25132
7,25132
1,25166
2,25166
15,25166
1,25186
1,25195
9,25195
8,25196
10,25196
9,25196
4,25209
1,25209
14,25209
10,25209
9,25209
8,25376
2,25376
15,25376
9,25376
8,25461
9,25461
8,25520
9,25520
8,25643
9,25643
1,25704
1,25719
2,25719
9,25719
3,25763
4,25763
5,25763
8,25784
8,25793
8,25941
4,25941
12,25941
2,25941
8,26022
9,26022
8,26039
4,26039
12,26039
2,26039
8,26268
4,26268
12,26268
2,26268
15,26268
8,26306
9,26306
4,26352
1,26352
2,26352
8,26371
9,26371
8,26388
12,26388
15,26388
4,26389
12,26389
2,26389
8,26390
12,26390
2,26390
3,26428
8,26428
16,26428
8,26602
1,26602
9,26602
3,26672
11,26672
6,26672
5,26672
7,26672
17,26688
12,26688
15,26688
8,26748
15,26748
9,26748
8,26791
12,26791
2,26791
15,26791
8,26899
1,27004
12,27004
2,27004
3,27022
11,27022
8,27022
4,27022
1,27022
1,27023
8,27029
8,27191
4,27191
9,27191
3,27205
4,27205
12,27205
5,27205
15,27205
3,27549
11,27549
4,27549
5,27549
8,27569
4,27573
4,27576
12,27576
15,27576
3,27578
4,27578
12,27578
8,27579
12,27579
2,27579
4,27581
1,27581
2,27581
4,27582
12,27582
2,27582
8,27585
8,27586
10,27586
8,27759
4,27759
16,27759
4,27936
1,27936
2,27936
8,28005
16,28005
9,28005
8,28053
1,28053
8,28089
16,28089
8,28178
7,28178
8,28211
12,28211
15,28211
17,28260
1,28260
5,28260
9,28260
17,28355
12,28355
15,28355
8,28580
8,28932
4,28932
4,29076
1,29076
12,29076
9,29076
8,29146
5,29146
9,29146
8,29193
12,29193
2,29193
15,29193
17,29427
4,29427
15,29427
14,29715
13,29715
8,29912
8,29963
9,29963
8,29996
16,29996
9,29996
13,29996
8,30128
1,30128
17,30315
5,30315
17,30497
8,30943
15,30943
8,30973
16,30973
8,31005
9,31005
8,31175
1,31175
1,31246
9,31246
8,31668
4,31668
1,31668
16,31668
4,31867
12,31867
2,31867
5,31867
5,31909
17,31915
5,31915
14,32275
1,32316
8,32456
9,32456
3,32657
11,32657
7,32657
1,32823
1,32856
9,32856
1,33155
5,33155
8,33157
4,33157
16,33157
1,33217
7,33217
8,33644
1,33644
9,33644
8,33667
9,33667
1,33676
8,33870
9,33870
8,33909
2,33909
1,34016
9,34016
1,34086
5,34086
7,34086
1,34106
9,34106
4,34314
12,34314
2,34314
1,34341
11,34549
1,34549
5,34549
7,34549
1,34563
3,34584
11,34584
8,34584
7,34584
11,34647
8,34647
8,34769
4,34769
1,34769
2,34769
1,34806
9,34806
3,34813
4,34813
12,34813
2,34813
15,34813
3,34851
4,34851
12,34851
5,34851
11,35019
1,35019
10,35032
9,35032
1,35056
3,35073
17,35073
5,35073
1,35169
1,35688
9,35688
3,35791
17,35791
4,35791
5,35791
8,36046
9,36046
12,36047
3,36355
7,36355
8,36419
17,36419
12,36419
15,36419
3,36557
4,36557
12,36557
11,36586
17,36586
4,36586
12,36586
1,36593
2,36593
3,36643
4,36643
12,36643
17,36647
4,36647
3,36648
11,36648
17,36648
4,36648
12,36648
5,36648
3,36657
4,36657
5,36657
3,36658
4,36658
12,36658
5,36658
3,36668
4,36668
12,36668
5,36668
3,36669
4,36669
12,36669
3,36670
4,36670
12,36670
8,36691
1,36691
9,36691
3,36819
11,36819
1,36819
5,36819
7,36819
4,36955
12,36955
18,37003
10,37003
1,37137
2,37137
8,37165
1,37165
8,37233
12,37233
15,37233
8,37495
1,37495
2,37495
12,37686
5,37686
15,37686
4,37710
12,37710
9,37710
3,37724
4,37724
12,37724
1,37735
8,37786
1,37786
9,37786
8,37799
4,37821
1,37821
12,37821
9,37821
4,37834
1,37834
3,37931
4,37931
1,37931
8,37950
11,37958
8,37958
4,37958
1,37964
9,37964
12,38050
5,38050
9,38050
6,38055
4,38055
1,38055
5,38055
7,38055
8,38073
1,38073
9,38073
11,38117
8,38117
9,38117
4,38153
12,38153
8,38167
1,38303
9,38303
1,38317
9,38317
7,38317
1,38319
11,38321
17,38321
4,38321
12,38321
5,38321
4,38322
1,38322
2,38322
3,38356
4,38356
5,38356
8,38357
1,38357
9,38357
8,38358
17,38358
12,38358
8,38363
12,38363
1,38365
8,38415
1,38415
9,38415
19,38415
8,38448
9,38448
5,38541
1,38579
7,38579
3,38665
4,38665
14,38665
9,38665
1,38745
6,38757
7,38757
1,38778
3,38985
4,38985
12,38985
8,39013
8,39141
1,39141
9,39141
14,39209
8,39254
4,39254
5,39254
1,39451
9,39451
8,39486
3,39513
1,39513
5,39513
3,39514
4,39514
1,39514
12,39514
2,39514
8,39538
12,39538
5,39538
1,39691
7,39691
8,39781
1,39781
8,39800
1,39800
8,39806
8,39833
4,39833
14,39833
10,39833
9,39833
17,39895
1,39895
1,39939
2,39939
15,39939
8,40001
1,40001
9,40001
17,40264
1,40264
8,40494
6,40688
1,40688
7,40688
8,40794
1,40794
9,40794
4,40805
1,40805
2,40805
8,40807
1,40807
4,41154
1,41154
5,41154
8,41210
1,41210
9,41210
3,41216
11,41216
6,41216
7,41216
8,41233
9,41233
8,41283
4,41283
12,41283
2,41283
8,41402
17,41402
15,41402
17,41436
12,41436
17,41439
2,41439
17,41446
15,41446
8,41479
1,41479
3,41513
11,41513
6,41513
1,41513
7,41513
3,41515
6,41515
1,41515
7,41515
1,41630
9,41630
8,41733
1,41733
8,41823
9,41823
8,42151
4,42151
1,42151
8,42188
5,42188
9,42188
8,42297
9,42297
8,42345
16,42345
8,42618
1,42618
10,42618
9,42618
5,42684
8,42807
4,42807
2,42807
8,42888
1,42888
9,42888
1,42889
11,43074
4,43074
1,43074
8,43266
8,43306
9,43306
13,43306
8,43347
1,43347
9,43347
8,43434
16,43434
12,43434
2,43434
8,43539
12,43539
2,43539
9,43539
1,43546
10,43546
17,43593
1,43593
1,43595
8,43610
8,43839
10,43839
9,43839
3,43884
8,43884
4,43884
13,43884
8,43923
1,43923
8,43931
17,43931
12,43931
15,43931
8,43933
12,43933
5,43933
17,43935
4,43935
1,43935
12,43935
5,43935
15,43935
18,43942
17,43947
12,43947
2,43947
8,43949
9,43949
8,43959
4,43959
8,44009
1,44009
17,44040
12,44040
15,44040
4,44048
12,44048
8,44113
3,44115
8,44115
12,44115
4,44147
1,44147
8,44214
12,44214
3,44264
8,44264
14,44264
8,44564
1,44564
11,44603
8,44603
8,44634
11,44638
8,44638
18,44639
8,44754
3,44826
8,44826
7,44826
3,44833
4,44833
12,44833
5,44833
8,44835
3,44896
6,44896
1,44896
14,44896
7,44896
3,44912
4,44912
12,44912
5,44912
4,44943
5,44943
8,44945
12,44945
2,44945
8,45132
4,45132
1,45132
1,45243
8,45269
16,45269
8,45272
9,45272
8,45317
8,45324
1,45324
2,45324
4,45610
12,45610
2,45610
12,45612
5,45612
15,45612
11,45649
8,45649
17,45649
1,45649
15,45649
8,45658
1,45658
9,45658
8,46138
1,46138
16,46138
11,46146
17,46146
3,46195
6,46195
1,46195
7,46195
11,46261
17,46261
12,46261
8,46332
16,46332
3,46528
11,46528
4,46528
14,46528
12,46528
3,46529
4,46529
12,46529
5,46529
8,46705
9,46705
8,46738
15,46738
13,46738
8,46829
1,46829
17,46838
1,46838
8,46849
8,46889
1,46889
9,46889
8,46989
1,47088
11,47327
4,47327
12,47327
2,47327
8,47502
1,47502
2,47502
8,47607
1,47607
9,47607
4,47816
1,47816
9,47816
8,47889
9,47889
3,47890
12,47890
15,47890
3,47933
4,47933
5,47933
1,47941
4,47964
12,47964
8,48034
1,48034
4,48138
12,48138
15,48138
8,48171
17,48171
12,48171
8,48231
12,48231
8,48289
12,48289
8,48309
17,48309
12,48309
2,48309
4,48340
12,48340
17,48572
4,48572
12,48572
1,48988
4,49010
1,49010
12,49010
3,49013
6,49013
1,49013
7,49013
11,49017
8,49017
17,49017
4,49017
13,49017
17,49018
12,49018
3,49021
4,49021
12,49021
8,49022
1,49022
9,49022
8,49026
4,49026
12,49026
2,49026
4,49040
12,49040
8,49047
12,49047
5,49047
4,49049
5,49049
3,49051
11,49051
4,49051
8,49081
6,49444
7,49444
8,49471
3,49519
11,49519
6,49519
1,49519
7,49519
1,49520
3,49521
11,49521
4,49521
5,49521
11,49524
4,49524
1,49524
2,49524
4,49526
12,49526
2,49526
4,49527
12,49527
2,49527
3,49529
4,49529
5,49529
4,49530
12,49530
5,49530
3,49538
4,49538
5,49538
11,49730
17,49730
12,49730
11,49852
4,49852
7,49852
6,49948
10,49948
7,49948
8,49950
17,49950
12,49950
8,50014
8,50035
1,50035
9,50035
3,50321
6,50321
7,50321
8,50348
12,50348
2,50348
17,50357
12,50357
5,50357
6,50359
1,50359
7,50359
3,50456
4,50456
12,50456
1,50544
9,50544
1,50546
9,50546
8,50601
13,50601
3,50620
11,50620
8,50620
9,50620
8,50646
1,50646
9,50646
1,50647
8,50725
1,50725
9,50725
8,50780
8,50839
12,50839
8,50875
12,50875
6,51162
7,51162
4,51497
12,51497
2,51497
1,51540
2,51540
1,51588
8,51828
9,51828
6,51942
8,51942
1,51942
8,52015
17,52015
4,52015
12,52015
5,52015
1,52449
3,52451
4,52451
12,52451
11,52520
17,52520
4,52520
4,53182
13,53182
8,53457
13,53457
4,54054
1,54054
2,54054
3,54138
4,54138
5,54138
18,54518
10,54518
7,54518
8,54580
8,54897
8,55123
1,55123
11,55301
6,55301
1,55301
10,55301
7,55301
8,55347
1,55347
9,55347
8,55420
5,55420
1,55465
3,55604
8,55604
9,55604
8,55720
1,55721
9,55721
17,55779
15,55779
8,55787
9,55787
4,56288
1,56288
7,56288
3,56292
4,56292
12,56292
8,56601
7,56601
8,56666
9,56666
19,56666
6,57089
1,57089
7,57089
1,57119
8,57157
1,57157
3,57158
11,57158
3,57165
3,57201
4,57201
14,57201
8,57212
13,57212
1,57214
2,57214
1,57431
18,57612
3,57800
6,57800
1,57800
7,57800
17,58151
1,58151
1,58224
7,58224
3,58233
4,58233
1,58233
12,58233
2,58233
17,58428
12,58428
17,58431
1,58431
12,58431
9,58431
3,58574
4,58574
2,58574
15,58574
3,58595
11,58595
8,58595
1,58680
9,58680
8,58882
16,58882
4,59108
1,59108
11,59436
1,59436
9,59436
8,59440
4,59440
4,59678
1,59678
5,59678
8,59728
3,59859
4,59859
2,59859
3,59860
1,59860
9,59860
8,59861
1,59861
9,59861
4,59961
12,59961
4,59962
1,59962
9,59962
4,59965
12,59965
15,59965
4,59967
12,59967
5,59967
8,59968
1,59968
6,59981
10,59981
7,59981
11,60304
17,60304
4,60304
1,60307
7,60307
8,60308
8,60309
16,60309
2,60309
8,60420
9,60420
8,60422
1,60422
8,60599
12,60599
17,61012
12,61012
15,61012
1,61752
8,61791
4,61791
12,61791
5,61791
8,61891
16,61891
12,61891
5,61984
3,62177
11,62177
6,62177
4,62177
1,62177
7,62177
3,62204
8,62204
3,62206
4,62206
1,62206
6,62211
7,62211
11,62213
1,62213
6,62214
1,62214
7,62214
8,62215
5,62215
8,62630
4,62630
12,62630
2,62630
13,62630
3,62676
8,62676
12,62676
3,62764
11,62764
8,62764
1,62764
5,62764
7,62764
8,62835
4,62835
12,62835
2,62835
8,62837
7,62837
1,62838
9,62838
8,63020
1,63020
9,63020
1,63492
9,63492
1,64328
10,64328
7,64328
8,64639
12,64639
8,64682
9,64682
8,64685
3,64686
11,64686
8,64686
4,64686
4,64688
1,64688
2,64688
12,64689
2,64689
8,64690
4,64690
12,64690
2,64690
8,64720
12,64720
1,64807
17,65055
12,65055
8,65057
1,65057
8,65086
17,65086
12,65086
8,65203
10,65203
9,65203
8,65754
12,65754
2,65754
15,65754
6,65759
1,65759
7,65759
1,67660
9,67660
18,67675
10,67675
7,67675
4,67913
1,67913
12,67913
2,67913
3,68179
6,68179
1,68179
5,68179
7,68179
8,68718
14,68718
3,68721
4,68721
5,68721
8,68722
8,68724
4,68724
12,68724
5,68724
3,68726
4,68726
5,68726
8,68727
12,68727
2,68727
15,68727
3,68728
11,68728
7,68728
8,68734
12,68734
3,68735
11,68735
4,68735
3,68737
11,68737
8,68812
12,68812
2,68812
8,68924
8,69668
12,69668
15,69668
4,70074
12,70074
2,70074
3,70160
11,70160
5,70160
4,70435
12,70435
12,70436
2,70436
15,70436
1,70478
4,70829
1,70829
12,70829
1,70868
9,70868
3,70981
5,70981
15,70981
17,71469
4,71469
12,71469
5,71469
1,71552
11,71676
4,71676
12,71676
17,71679
4,71679
5,71679
8,71688
16,71688
8,71859
12,71859
1,71880
11,72105
1,72105
8,72113
1,72113
8,72190
17,72190
4,72190
12,72190
5,72190
3,72197
6,72197
1,72197
7,72197
1,72207
8,72213
11,72331
17,72331
4,72331
8,72358
1,72358
4,72387
12,72387
2,72387
3,72431
8,72431
4,72431
16,72431
13,72431
3,72545
4,72545
5,72545
3,72559
4,72559
12,72559
5,72559
8,72570
9,72570
17,72571
3,72710
4,72710
12,72710
5,72710
9,72710
8,72976
16,72976
11,73191
10,73191
7,73191
1,73247
9,73247
7,73247
8,73567
12,73567
2,73567
8,73873
1,73937
8,74465
1,74465
7,74465
8,74534
1,74534
8,74643
1,74643
9,74643
17,74725
12,74725
2,74725
8,75174
4,75174
12,75174
8,75531
1,75531
3,75612
4,75612
5,75612
15,75612
12,75638
12,75656
2,75656
4,75674
12,75674
13,75674
8,75780
12,75780
2,75780
8,75900
8,76025
3,76163
4,76163
12,76163
3,76170
11,76170
4,76170
5,76170
8,76203
16,76203
3,76285
11,76285
7,76285
3,76338
11,76338
4,76338
3,76341
4,76341
12,76341
5,76341
17,76487
12,76487
1,76489
11,76492
6,76492
1,76492
7,76492
1,76493
8,76494
1,76494
9,76494
17,76617
12,76617
3,76649
8,76649
4,76649
16,76649
9,76649
8,76726
12,76726
5,76726
3,76757
11,76757
4,76757
5,76757
8,77016
12,77016
2,77016
3,77174
6,77174
1,77174
7,77174
8,77866
4,77866
12,77866
2,77866
8,77877
9,77877
17,77883
12,77883
8,77930
1,77930
11,77931
6,77931
1,77931
7,77931
4,77948
12,77948
17,77949
12,77949
6,77950
7,77950
3,77951
6,77951
7,77951
8,77987
12,77987
2,77987
1,78149
17,78383
12,78383
18,78394
3,78698
8,78698
9,78698
8,79120
9,79120
17,79316
17,79694
12,79694
8,79777
9,79777
13,79777
1,80035
3,80274
4,80274
5,80274
8,80278
12,80278
6,80321
7,80321
8,80585
1,80585
10,80585
9,80585
11,81005
4,81005
7,81005
11,81188
6,81188
7,81188
3,81390
4,81390
12,81390
2,81390
4,81796
12,81796
5,81796
1,81836
9,81836
17,82505
12,82505
17,82507
12,82507
15,82507
8,82525
12,82525
2,82525
8,82532
1,82532
1,82650
7,82650
17,82654
1,82654
9,82654
4,82675
12,82675
2,82675
1,82679
8,82682
4,82682
12,82682
2,82682
1,82687
3,82690
6,82690
1,82690
7,82690
8,82693
1,82693
9,82693
8,82695
10,82695
9,82695
8,82696
1,82696
9,82696
3,82700
4,82700
5,82700
3,82702
11,82702
6,82702
4,82702
1,82702
7,82702
3,82703
6,82703
7,82703
17,82990
8,83542
5,83542
8,83666
1,83666
9,83666
8,83686
12,83686
3,83770
8,83770
1,84174
9,84174
11,84175
8,84175
1,84200
8,84329
1,84329
2,84329
5,84329
8,84332
1,84332
5,84332
9,84332
8,84355
1,84355
18,84401
8,84892
9,84892
8,85350
8,85446
10,85446
9,85446
8,86825
17,86825
12,86825
8,86829
10,86829
3,86834
8,86834
8,86837
9,86837
1,86838
2,86838
8,87093
3,87101
4,87101
12,87101
5,87101
4,87421
12,87421
5,87421
1,87428
8,87499
12,87499
8,87502
1,87567
8,87729
9,87729
1,87818
3,87827
8,87827
4,87827
8,88005
1,88005
5,88005
9,88005
8,88036
10,88036
1,88042
8,88641
1,88641
3,88751
4,88751
1,88751
5,88751
7,88751
8,88794
16,88794
2,88794
1,89492
18,89750
1,91070
3,91314
4,91314
5,91314
17,92182
15,92182
8,92591
1,92591
2,92591
6,93456
1,93456
7,93456
4,94329
12,94329
2,94329
4,94348
12,94348
2,94348
15,94348
8,96399
16,96399
8,96721
4,96721
4,97020
5,97020
8,97367
2,97367
8,97370
12,97370
5,97370
4,97430
8,97614
12,97614
2,97614
8,97630
16,97630
12,97630
8,98357
12,98357
2,98357
3,98566
11,98566
4,98566
1,98566
5,98566
3,99861
4,99861
5,99861
1,100042
17,100241
12,100241
3,100402
4,100402
5,100402
8,101173
12,101173
18,101267
10,101267
3,101299
4,101299
5,101299
3,102382
11,102382
4,102382
3,102651
11,102651
4,102651
9,102651
7,102651
3,102899
4,102899
5,102899
17,103620
8,103663
8,103731
17,104755
12,104755
3,105864
6,105864
7,105864
8,106646
1,106646
2,106646
4,106747
12,106747
2,106747
1,107811
4,107846
12,107846
4,107985
1,107985
5,107985
8,108346
9,108346
8,109091
12,109091
2,109091
8,109410
4,109414
1,109414
8,109417
10,109417
1,109418
8,109421
12,109421
2,109421
8,109424
4,109424
12,109424
17,109428
1,109431
2,109431
1,109443
3,109445
6,109445
7,109445
6,109451
1,109451
7,109451
11,109491
8,109491
9,109491
4,109513
1,109513
9,109513
8,109729
12,109729
8,110415
4,110415
5,110415
8,111190
9,112949
8,113464
16,113464
13,113464
8,113947
1,113947
9,113947
1,114150
10,114150
9,114150
17,115210
1,116149
7,116149
8,116613
4,116613
2,116613
3,116711
11,116711
6,116711
7,116711
1,116741
3,116745
11,116745
8,116745
1,116745
6,116977
4,116977
1,116977
7,116977
8,117251
4,117251
12,117251
4,117263
12,117263
3,118340
4,118340
5,118340
8,118452
4,119283
2,119283
8,119450
4,119450
12,119450
5,119450
8,120467
1,120467
8,121826
1,121826
9,121826
8,122081
2,122081
3,122917
11,122917
4,122917
3,123553
11,123553
8,123553
4,123553
15,123553
9,123553
18,123678
1,124459
6,126319
8,126319
1,126319
7,126319
8,127493
4,127493
12,127493
2,127493
8,127560
16,127560
3,127585
11,127585
4,127585
5,127585
1,129139
9,129139
3,129670
8,129670
8,130150
3,131631
12,131631
5,131631
3,131634
4,131634
5,131634
17,132232
8,132344
9,132344
8,132363
8,133694
8,133805
17,133805
4,134374
12,134374
2,134374
8,134411
12,134411
3,135397
4,135397
12,135397
5,135397
4,136400
1,136400
2,136400
4,136795
1,136795
2,136795
8,136797
4,136797
12,136797
2,136797
12,136835
2,136835
1,137093
8,137094
4,137094
12,137094
3,137106
11,137106
6,137106
1,137106
7,137106
4,137113
5,137113
11,137321
8,137321
15,137321
9,137321
3,138103
4,138103
12,138103
1,138832
2,138832
17,138843
12,138843
17,139038
1,139038
18,139948
19,139948
3,140300
6,140300
4,140300
1,140300
7,140300
8,140823
1,140823
16,140823
8,144336
4,144336
12,144336
2,144336
8,144340
1,144340
9,144340
3,145220
1,145220
2,145220
7,145220
4,146198
12,146198
17,146203
12,146203
4,146227
2,146227
8,146233
12,146233
2,146233
8,146238
12,146238
2,146238
1,146239
1,146304
3,147441
8,147441
4,147441
8,147773
1,147773
6,150540
8,150540
1,150540
7,150540
11,150689
8,150689
9,150689
7,150689
8,152532
16,152532
8,152599
9,152599
8,152601
5,152601
9,152601
8,152737
1,152737
8,152742
2,152742
15,152742
9,152742
3,152747
8,152747
4,152747
8,152760
4,152760
16,152760
13,152760
3,153158
6,153158
9,153158
6,153518
7,153518
4,156022
12,156022
2,156022
3,157336
8,157336
5,157336
3,157350
4,157350
5,157350
8,157353
12,157353
5,157353
15,157353
8,157386
1,157386
9,157386
17,157544
12,157544
17,157547
3,157841
8,157841
7,157841
8,157847
12,157849
12,158011
2,158011
17,158015
12,158015
5,158015
3,158852
5,158852
15,158852
7,158852
6,159824
1,159824
7,159824
8,160588
1,160588
8,162903
12,162903
8,164457
12,164457
2,164457
3,166424
4,166424
5,166424
8,167073
9,167073
4,168259
4,168530
1,168530
8,168672
2,168672
3,168705
11,168705
17,168705
4,168705
8,169917
12,169917
2,169917
15,169917
11,170687
6,170687
1,170687
7,170687
8,171274
1,171274
2,171274
15,171274
9,171274
3,171424
17,171424
4,171424
12,171424
3,172385
6,172385
1,172385
7,172385
3,172391
6,172391
7,172391
8,174751
4,174751
14,174751
1,175528
8,175541
10,175541
6,175574
1,175574
7,175574
8,176124
3,177572
6,177572
4,177572
1,177572
7,177572
3,177677
4,177677
12,177677
8,179144
1,179144
12,181283
2,181283
3,181533
11,181533
1,181533
7,181533
1,184098
9,184098
3,184315
4,184315
9,185008
4,187017
1,187017
2,187017
3,188207
4,188207
3,188927
4,188927
5,188927
4,190859
13,190859
8,190955
12,190955
2,190955
8,191714
9,191714
8,192102
4,192102
12,192102
2,192102
8,192136
16,192136
4,192141
12,192141
1,193610
9,193610
10,193613
8,193756
4,193756
12,193756
13,193756
1,193893
8,194662
1,194662
1,195589
8,196867
1,196867
7,196867
4,198184
2,198184
5,198184
8,198185
8,198277
1,198277
10,198277
9,198277
4,198663
12,198663
5,198663
15,198663
12,199373
2,199373
8,199933
5,199933
15,199933
8,200505
8,201088
2,201088
15,201088
3,203801
4,203801
1,203801
4,204082
12,204082
12,204922
15,204922
8,205220
11,205584
8,205587
8,205596
16,205596
12,205596
13,205596
3,205775
8,205775
4,205775
16,205775
12,205775
3,206647
4,206647
2,206647
1,208134
3,209112
11,209112
4,209112
8,209274
1,209403
8,209451
10,209451
8,210577
12,210577
15,210577
3,210860
1,210860
3,211672
6,211672
1,211672
7,211672
8,211954
1,211954
1,214756
8,216015
12,216015
9,216015
4,216282
12,216282
8,217708
1,217708
9,217708
4,218043
12,218043
5,218043
1,218778
7,218778
1,222899
9,222899
8,222935
9,222935
8,222936
1,222936
9,222936
3,223702
11,223702
6,223702
1,223702
11,224141
1,224141
10,224141
1,225565
9,225565
4,225574
12,225574
15,225574
1,225886
1,226486
8,226857
9,226857
8,227156
5,227156
1,227159
8,227306
13,227306
17,227348
12,227348
3,227707
11,227707
7,227707
12,227719
5,227719
8,227735
7,227735
6,227973
8,228066
12,228066
5,228066
8,228150
4,228150
13,228150
11,228161
6,228161
1,228161
5,228161
7,228161
3,228165
6,228165
1,228165
7,228165
8,228194
8,228205
9,228205
3,228326
11,228326
6,228326
1,228326
9,228326
7,228326
4,228967
1,228967
8,228970
8,230266
8,231576
1,231576
1,232672
8,232679
17,234212
12,234212
8,235260
8,236751
3,238603
5,238603
7,238603
12,238615
5,238615
15,238615
17,238636
12,238636
1,239563
8,239571
9,239571
1,239573
8,239678
1,239678
4,240832
5,240832
8,241239
12,241239
2,241239
12,241251
4,241254
12,241254
11,241259
8,241554
4,241554
12,241554
2,241554
15,241554
8,241771
9,241771
12,242095
5,242095
17,242512
8,242582
12,242582
2,242582
1,243938
17,243940
12,243940
8,244783
8,244786
3,245703
8,245703
5,245703
8,245846
12,245846
8,245916
12,245916
2,245916
15,245916
17,246403
1,246403
5,246655
8,249164
8,250124
9,250124
1,250349
17,250546
8,251321
8,252512
1,252512
15,252512
1,252680
8,253235
1,253235
9,253235
8,253331
3,253412
8,253412
8,254128
4,254128
12,254128
1,254470
10,254470
8,254473
4,254473
2,254473
4,254904
12,254904
2,254904
12,255343
9,255343
3,256040
4,256040
16,256040
13,256040
17,256274
12,256274
8,256591
1,256591
2,256591
9,256591
8,256917
13,256917
8,256924
1,256924
10,256924
4,256961
1,256961
7,256961
8,256962
1,256962
13,256962
4,257088
12,257088
2,257088
1,257091
1,257211
4,257344
1,257344
5,257344
3,257445
17,257445
1,257445
3,258489
4,258489
17,259693
1,259694
9,259694
4,260346
12,260346
8,261023
2,261023
3,262500
12,262500
5,262500
3,262504
5,262504
8,264644
12,264644
8,264656
14,264656
8,264660
5,264660
8,264999
1,264999
10,264999
8,266396
4,266396
2,266396
3,266647
11,266647
7,266647
8,266856
9,266856
4,267860
12,267860
2,267860
3,267935
11,267935
7,267935
8,268238
1,268238
4,268920
1,268920
2,268920
17,270303
12,270303
8,270487
1,270487
15,270487
3,270946
6,270946
1,270946
7,270946
3,271110
4,271110
5,271110
1,271718
8,271969
1,272693
9,272693
3,272878
8,272878
7,272878
8,273248
14,273248
2,273248
15,273248
8,273481
4,273481
12,273481
2,273481
15,273481
8,273895
16,273895
8,273899
1,274167
8,274479
1,274479
3,274854
11,274854
4,274854
12,276907
2,276907
8,277216
10,277216
17,277685
12,277685
3,278927
11,278927
8,278927
7,278927
8,280092
17,280092
12,280092
3,281957
8,281957
14,281957
12,281957
17,283445
8,284293
8,284536
12,284536
2,284536
3,285783
8,285783
12,285783
17,285923
4,285923
12,285923
3,286217
8,286217
5,286217
8,286565
15,286565
9,286565
17,287424
11,287903
17,287903
1,287903
4,287948
12,287948
2,287948
3,290595
8,290595
4,290595
8,290751
2,290751
15,290751
11,290825
17,290825
1,290825
12,290825
6,291270
8,291270
1,291270
9,291270
3,291805
4,291805
1,291805
12,291805
2,291805
15,291805
1,291870
8,293646
16,293646
3,293660
4,293660
1,293660
11,293863
8,293863
9,293863
4,294254
3,294272
11,294272
7,294272
8,295964
8,296096
9,296096
8,296098
12,296098
1,296099
3,297761
11,297761
4,297761
2,297761
5,297761
17,298312
12,298312
17,299245
12,299245
3,299687
5,299687
8,300671
4,300671
16,300671
12,300671
13,300671
8,300673
4,300673
16,300673
12,300673
8,301351
10,301351
9,301351
17,301365
12,301365
1,301748
4,302156
8,302579
1,302688
9,302688
7,302688
4,302699
1,302699
12,303858
8,304357
8,306745
9,306745
8,307081
4,307081
3,308531
11,308531
4,308531
1,308531
8,308639
1,308639
2,308639
3,309809
11,309809
6,309809
17,310131
15,310131
8,312221
17,313922
12,313922
2,313922
8,314365
16,314365
12,314365
8,314385
9,314385
8,315664
1,315664
8,316152
4,316152
16,316152
12,316152
13,316152
17,316727
4,316727
12,316727
8,318846
1,318846
8,318850
8,319888
1,319888
16,319888
17,321258
12,321258
15,321258
8,321697
16,321697
8,321741
4,323675
1,323675
1,323676
8,323677
4,323677
4,324668
12,324668
1,325133
8,325789
12,325789
2,325789
6,328111
7,328111
3,328387
2,328387
15,328387
12,328425
15,328425
17,329440
12,329440
1,329833
8,331190
12,331190
2,331190
8,332567
17,332567
12,332567
1,333348
7,333348
8,333371
12,333371
5,333371
4,335778
4,336004
12,336004
2,336004
8,339408
8,339984
4,342521
1,342521
8,343795
17,345911
12,345911
8,347126
1,351819
9,351819
8,364083
2,364083
8,375290
4,375290
16,375290
12,375290
1,376659
3,417859
11,417859
6,417859
4,417859
7,417859
